4.56,1.48
4.57,1.48
4.71,1.42
4.82,1.34
4.83,1.34
4.84,1.34
4.85,1.33
5.13,1.19
5.13,1.19
5.14,1.19
5.15,1.18
5.29,1.13
5.56,0.99
5.56,0.99
5.57,0.98
5.71,0.93
5.78,0.89
5.85,0.82
5.85,0.81
5.86,0.81
5.87,0.80
5.87,0.80
5.88,0.79
5.88,0.79
5.89,0.78
5.90,0.78
5.90,0.77
5.91,0.77
5.91,0.76
5.92,0.76
5.93,0.76
5.93,0.75
5.94,0.75
5.95,0.75
5.96,0.74
6.13,0.67
6.13,0.67
6.28,0.61
6.37,0.58
6.43,0.51
6.44,0.48
6.44,0.46
6.40,0.34
6.40,0.33
6.35,0.20
6.30,0.08
6.23,-0.06
6.22,-0.07
6.14,-0.22
6.08,-0.35
6.07,-0.35
6.07,-0.36
6.07,-0.37
6.06,-0.38
6.01,-0.50
5.93,-0.64
5.92,-0.65
5.92,-0.65
5.91,-0.67
5.84,-0.81
5.84,-0.81
5.84,-0.82
5.83,-0.83
5.79,-0.93
5.71,-1.03
5.70,-1.03
5.70,-1.03
5.58,-1.01
5.47,-0.97
5.35,-0.90
5.19,-0.82
5.07,-0.74
5.06,-0.74
5.05,-0.74
5.05,-0.73
5.04,-0.73
5.03,-0.73
5.03,-0.72
5.02,-0.72
5.01,-0.72
5.00,-0.72
5.00,-0.71
4.99,-0.71
4.81,-0.66
4.80,-0.66
4.65,-0.62
4.51,-0.58
4.39,-0.52
4.30,-0.47
4.30,-0.46
4.29,-0.46
4.29,-0.45
4.29,-0.44
4.28,-0.44
4.28,-0.43
4.27,-0.42
4.27,-0.42
4.26,-0.41
4.26,-0.41
4.25,-0.40
4.25,-0.39
4.24,-0.39
4.24,-0.38
4.23,-0.38
4.23,-0.37
4.22,-0.37
4.21,-0.36
4.21,-0.36
4.20,-0.35
4.20,-0.35
4.19,-0.35
4.18,-0.34
4.18,-0.34
4.17,-0.33
4.16,-0.33
4.16,-0.33
4.15,-0.32
4.14,-0.32
3.96,-0.25
3.82,-0.20
3.69,-0.13
3.69,-0.13
3.68,-0.13
3.67,-0.12
3.55,-0.07
3.45,0.01
3.45,0.02
3.42,0.03
3.44,0.06
3.34,0.11
3.22,0.36
3.21,0.37
3.21,0.38
3.21,0.38
3.20,0.39
3.20,0.40
3.19,0.40
3.19,0.41
3.19,0.42
3.18,0.42
3.18,0.43
3.17,0.43
3.16,0.44
3.16,0.44
3.15,0.45
3.15,0.46
3.14,0.46
3.14,0.47
3.13,0.47
3.12,0.47
3.12,0.48
3.11,0.48
3.10,0.49
3.10,0.49
3.09,0.50
3.08,0.50
3.08,0.50
3.07,0.51
3.06,0.51
3.06,0.51
3.05,0.51
3.04,0.52
3.03,0.52
3.03,0.52
3.02,0.52
3.01,0.52
3.00,0.53
3.00,0.53
2.99,0.53
2.98,0.53
2.97,0.53
2.96,0.53
2.96,0.53
2.95,0.53
2.94,0.53
2.93,0.53
2.93,0.53
2.92,0.53
2.91,0.53
2.90,0.53
2.90,0.52
2.89,0.52
2.88,0.52
2.87,0.52
2.87,0.52
2.86,0.52
2.85,0.51
2.84,0.51
2.84,0.51
2.83,0.50
2.82,0.50
2.81,0.50
2.81,0.49
2.80,0.49
2.79,0.49
2.79,0.48
2.78,0.48
2.78,0.47
2.77,0.47
2.76,0.46
2.76,0.46
2.75,0.45
2.75,0.45
2.74,0.44
2.73,0.44
2.73,0.43
2.72,0.43
2.72,0.42
2.71,0.41
2.71,0.41
2.63,0.44
2.63,0.44
2.62,0.45
2.42,0.51
2.33,0.53
2.24,0.62
2.24,0.63
2.23,0.63
2.23,0.64
2.22,0.64
2.21,0.65
2.09,0.74
2.08,0.74
2.08,0.75
2.07,0.75
2.06,0.76
2.06,0.76
2.05,0.76
2.04,0.77
2.04,0.77
2.03,0.77
2.02,0.78
2.02,0.78
2.01,0.78
2.00,0.79
1.99,0.79
1.99,0.79
1.98,0.79
1.97,0.79
1.96,0.80
1.96,0.80
1.95,0.80
1.94,0.80
1.93,0.80
1.92,0.80
1.92,0.80
1.91,0.80
1.90,0.80
1.89,0.80
1.89,0.80
1.88,0.80
1.87,0.80
1.86,0.80
1.86,0.80
1.85,0.79
1.69,0.76
1.68,0.76
1.68,0.76
1.67,0.77
1.66,0.77
1.65,0.77
1.65,0.77
1.64,0.77
1.63,0.78
1.62,0.78
1.62,0.78
1.61,0.78
1.60,0.78
1.59,0.78
1.59,0.78
1.58,0.78
1.57,0.78
1.56,0.78
1.41,0.77
1.40,0.77
1.39,0.77
1.39,0.77
1.38,0.77
1.37,0.76
1.36,0.76
1.36,0.76
1.35,0.76
1.34,0.76
1.33,0.75
1.32,0.75
1.21,0.71
1.20,0.71
1.20,0.71
1.19,0.72
1.18,0.72
1.17,0.73
1.02,0.82
1.02,0.82
1.01,0.82
1.00,0.83
1.00,0.83
0.99,0.84
0.86,0.89
0.75,0.95
0.61,1.03
0.60,1.03
0.59,1.04
0.31,1.18
0.31,1.18
0.30,1.18
0.29,1.19
0.29,1.19
0.28,1.19
0.27,1.20
0.26,1.20
0.26,1.20
0.25,1.20
0.24,1.20
0.23,1.21
0.23,1.21
0.22,1.21
0.21,1.21
0.20,1.21
0.20,1.21
0.19,1.21
0.18,1.21
0.17,1.21
0.16,1.21
0.16,1.21
0.15,1.21
0.14,1.21
0.13,1.21
0.13,1.21
0.12,1.20
0.11,1.20
0.10,1.20
0.10,1.20
0.09,1.20
0.08,1.19
0.07,1.19
0.07,1.19
0.06,1.18
0.05,1.18
0.05,1.18
0.04,1.17
0.03,1.17
0.02,1.17
0.02,1.16
0.01,1.16
0.01,1.15
-0.00,1.15
-0.01,1.14
-0.01,1.14
-0.02,1.13
-0.02,1.13
-0.03,1.12
-0.04,1.12
-0.04,1.11
-0.05,1.11
-0.05,1.10
-0.06,1.10
-0.06,1.09
-0.07,1.08
-0.07,1.08
-0.08,1.07
-0.16,0.94
-0.16,0.93
-0.16,0.92
-0.17,0.92
-0.17,0.91
-0.17,0.90
-0.18,0.90
-0.18,0.89
-0.18,0.88
-0.18,0.87
-0.19,0.87
-0.19,0.86
-0.19,0.85
-0.19,0.84
-0.19,0.84
-0.20,0.83
-0.20,0.82
-0.20,0.81
-0.20,0.81
-0.20,0.80
-0.21,0.67
-0.23,0.59
-0.29,0.50
-0.29,0.49
-0.29,0.48
-0.30,0.47
-0.37,0.33
-0.37,0.33
-0.37,0.32
-0.38,0.31
-0.43,0.20
-0.50,0.08
-0.51,0.08
-0.51,0.07
-0.52,0.06
-0.52,0.06
-0.54,0.02
-0.56,0.02
-0.57,0.02
-0.58,0.01
-0.58,0.01
-0.59,0.01
-0.60,0.01
-0.61,0.00
-0.61,-0.00
-0.62,-0.00
-0.63,-0.01
-0.63,-0.01
-0.64,-0.02
-0.65,-0.02
-0.65,-0.02
-0.66,-0.03
-0.67,-0.03
-0.67,-0.04
-0.68,-0.04
-0.68,-0.05
-0.69,-0.05
-0.69,-0.06
-0.70,-0.07
-0.70,-0.07
-0.71,-0.08
-0.71,-0.08
-0.72,-0.09
-0.72,-0.10
-0.73,-0.10
-0.73,-0.11
-0.74,-0.11
-0.74,-0.12
-0.74,-0.12
-0.78,-0.13
-0.96,-0.14
-0.96,-0.14
-0.97,-0.14
-0.98,-0.14
-0.99,-0.15
-1.00,-0.15
-1.01,-0.15
-1.14,-0.18
-1.28,-0.19
-1.40,-0.18
-1.51,-0.14
-1.62,-0.11
-1.71,-0.05
-1.83,0.05
-1.84,0.06
-1.85,0.06
-1.85,0.07
-1.86,0.07
-1.87,0.08
-1.87,0.08
-1.88,0.08
-1.89,0.09
-1.89,0.09
-1.90,0.09
-2.05,0.16
-2.05,0.17
-2.06,0.17
-2.07,0.17
-2.07,0.17
-2.08,0.18
-2.09,0.18
-2.10,0.18
-2.10,0.18
-2.11,0.18
-2.12,0.19
-2.13,0.19
-2.13,0.19
-2.14,0.19
-2.15,0.19
-2.16,0.19
-2.17,0.19
-2.17,0.19
-2.18,0.19
-2.19,0.19
-2.20,0.19
-2.20,0.19
-2.21,0.19
-2.22,0.19
-2.23,0.19
-2.23,0.18
-2.24,0.18
-2.25,0.18
-2.26,0.18
-2.26,0.18
-2.27,0.17
-2.28,0.17
-2.29,0.17
-2.29,0.17
-2.30,0.16
-2.31,0.16
-2.31,0.16
-2.32,0.15
-2.33,0.15
-2.33,0.14
-2.34,0.14
-2.35,0.13
-2.35,0.13
-2.50,0.02
-2.50,0.02
-2.51,0.01
-2.52,0.01
-2.52,0.00
-2.53,-0.00
-2.53,-0.01
-2.54,-0.01
-2.54,-0.02
-2.55,-0.02
-2.55,-0.03
-2.56,-0.04
-2.56,-0.04
-2.57,-0.05
-2.57,-0.06
-2.58,-0.06
-2.58,-0.07
-2.58,-0.08
-2.59,-0.08
-2.59,-0.09
-2.59,-0.10
-2.60,-0.10
-2.60,-0.11
-2.60,-0.12
-2.60,-0.13
-2.61,-0.13
-2.61,-0.14
-2.61,-0.15
-2.61,-0.16
-2.61,-0.16
-2.64,-0.31
-2.64,-0.32
-2.65,-0.33
-2.65,-0.34
-2.65,-0.34
-2.65,-0.35
-2.65,-0.36
-2.65,-0.37
-2.65,-0.37
-2.65,-0.38
-2.65,-0.39
-2.65,-0.40
-2.65,-0.40
-2.63,-0.53
-2.65,-0.64
-2.66,-0.64
-2.66,-0.65
-2.66,-0.66
-2.68,-0.82
-2.68,-0.83
-2.68,-0.84
-2.69,-0.85
-2.69,-0.85
-2.69,-0.86
-2.69,-0.87
-2.69,-0.88
-2.69,-0.89
-2.68,-0.89
-2.68,-0.90
-2.68,-0.91
-2.68,-0.92
-2.68,-0.92
-2.68,-0.93
-2.65,-1.09
-2.65,-1.09
-2.64,-1.10
-2.59,-1.28
-2.59,-1.28
-2.55,-1.43
-2.55,-1.44
-2.51,-1.56
-2.51,-1.69
-2.51,-1.70
-2.51,-1.70
-2.49,-1.88
-2.49,-1.89
-2.49,-1.89
-2.49,-1.90
-2.46,-2.06
-2.46,-2.07
-2.46,-2.08
-2.46,-2.08
-2.46,-2.09
-2.46,-2.10
-2.41,-2.25
-2.41,-2.26
-2.40,-2.27
-2.40,-2.27
-2.40,-2.28
-2.39,-2.29
-2.39,-2.30
-2.39,-2.30
-2.34,-2.39
-2.34,-2.49
-2.34,-2.49
-2.34,-2.50
-2.34,-2.51
-2.34,-2.52
-2.34,-2.52
-2.33,-2.53
-2.33,-2.54
-2.33,-2.55
-2.33,-2.55
-2.33,-2.56
-2.29,-2.67
-2.29,-2.82
-2.29,-2.83
-2.29,-2.84
-2.29,-2.84
-2.29,-2.85
-2.28,-2.86
-2.28,-2.87
-2.28,-2.87
-2.28,-2.88
-2.28,-2.89
-2.27,-2.90
-2.27,-2.90
-2.27,-2.91
-2.27,-2.92
-2.26,-2.93
-2.19,-3.09
-2.14,-3.23
-2.14,-3.23
-2.14,-3.24
-2.13,-3.25
-2.13,-3.25
-2.12,-3.26
-2.12,-3.27
-2.12,-3.27
-2.11,-3.28
-2.11,-3.29
-2.10,-3.29
-2.10,-3.30
-2.09,-3.31
-2.09,-3.31
-2.08,-3.32
-2.08,-3.33
-1.96,-3.45
-1.95,-3.45
-1.95,-3.46
-1.94,-3.46
-1.94,-3.47
-1.93,-3.47
-1.93,-3.48
-1.80,-3.57
-1.72,-3.69
-1.68,-3.79
-1.68,-3.80
-1.68,-3.81
-1.68,-3.82
-1.67,-3.82
-1.67,-3.83
-1.67,-3.84
-1.66,-3.84
-1.66,-3.85
-1.66,-3.86
-1.65,-3.86
-1.56,-4.00
-1.49,-4.12
-1.33,-4.41
-1.33,-4.42
-1.33,-4.43
-1.25,-4.55
-1.17,-4.69
-1.17,-4.70
-1.16,-4.70
-1.16,-4.71
-1.12,-4.77
-1.15,-4.84
-1.15,-4.84
-1.15,-4.85
-1.16,-4.86
-1.20,-4.97
-1.28,-5.07
-1.28,-5.07
-1.29,-5.08
-1.29,-5.09
-1.30,-5.09
-1.30,-5.10
-1.30,-5.11
-1.37,-5.24
-1.38,-5.24
-1.38,-5.25
-1.44,-5.38
-1.52,-5.49
-1.52,-5.50
-1.53,-5.50
-1.53,-5.51
-1.53,-5.52
-1.54,-5.52
-1.54,-5.53
-1.61,-5.67
-1.61,-5.67
-1.61,-5.68
-1.62,-5.69
-1.62,-5.69
-1.62,-5.70
-1.63,-5.71
-1.63,-5.72
-1.63,-5.72
-1.63,-5.73
-1.63,-5.74
-1.64,-5.75
-1.64,-5.75
-1.64,-5.76
-1.64,-5.77
-1.64,-5.78
-1.64,-5.78
-1.64,-5.79
-1.64,-5.80
-1.64,-5.81
-1.64,-5.82
-1.63,-5.92
-1.66,-6.00
-1.66,-6.01
-1.67,-6.01
-1.71,-6.15
-1.76,-6.24
-1.83,-6.34
-1.83,-6.35
-1.84,-6.35
-1.84,-6.36
-1.85,-6.37
-1.85,-6.37
-1.85,-6.38
-1.86,-6.39
-1.86,-6.39
-1.87,-6.40
-1.87,-6.41
-1.87,-6.41
-1.87,-6.42
-1.88,-6.43
-1.88,-6.44
-1.88,-6.44
-1.88,-6.45
-1.88,-6.46
-1.89,-6.47
-1.89,-6.47
-1.89,-6.48
-1.89,-6.49
-1.89,-6.50
-1.89,-6.51
-1.89,-6.51
-1.89,-6.52
-1.89,-6.53
-1.89,-6.54
-1.89,-6.54
-1.89,-6.55
-1.89,-6.56
-1.89,-6.57
-1.88,-6.57
-1.88,-6.58
-1.86,-6.69
-1.87,-6.80
-1.87,-6.81
-1.87,-6.82
-1.87,-6.82
-1.87,-6.83
-1.87,-6.84
-1.87,-6.85
-1.87,-6.85
-1.87,-6.86
-1.87,-6.87
-1.86,-6.88
-1.86,-6.88
-1.86,-6.89
-1.86,-6.90
-1.82,-7.04
-1.82,-7.05
-1.81,-7.06
-1.81,-7.06
-1.81,-7.07
-1.81,-7.08
-1.80,-7.09
-1.80,-7.09
-1.80,-7.10
-1.79,-7.11
-1.79,-7.11
-1.78,-7.12
-1.78,-7.13
-1.78,-7.13
-1.77,-7.14
-1.77,-7.15
-1.76,-7.15
-1.67,-7.26
-1.61,-7.35
-1.58,-7.47
-1.57,-7.48
-1.57,-7.48
-1.57,-7.49
-1.57,-7.50
-1.56,-7.51
-1.56,-7.51
-1.49,-7.65
-1.48,-7.66
-1.48,-7.67
-1.48,-7.67
-1.47,-7.68
-1.39,-7.80
-1.34,-7.92
-1.34,-7.92
-1.34,-7.93
-1.33,-7.94
-1.33,-7.94
-1.32,-7.95
-1.32,-7.96
-1.32,-7.96
-1.31,-7.97
-1.31,-7.98
-1.30,-7.98
-1.30,-7.99
-1.29,-7.99
-1.29,-8.00
-1.28,-8.00
-1.27,-8.01
-1.27,-8.01
-1.26,-8.02
-1.26,-8.02
-1.25,-8.03
-1.24,-8.03
-1.24,-8.04
-1.23,-8.04
-1.23,-8.05
-1.22,-8.05
-1.21,-8.05
-1.21,-8.06
-1.20,-8.06
-1.19,-8.06
-1.18,-8.07
-1.18,-8.07
-1.17,-8.07
-1.16,-8.08
-1.15,-8.08
-1.15,-8.08
-1.14,-8.08
-1.13,-8.08
-1.05,-8.10
-1.02,-8.13
-1.02,-8.13
-1.02,-8.14
-1.05,-8.28
-1.05,-8.28
-1.05,-8.29
-1.06,-8.30
-1.06,-8.31
-1.06,-8.32
-1.06,-8.32
-1.06,-8.33
-1.06,-8.34
-1.06,-8.35
-1.06,-8.35
-1.06,-8.36
-1.06,-8.37
-1.06,-8.38
-1.06,-8.38
-1.06,-8.39
-1.06,-8.40
-1.05,-8.41
-1.05,-8.42
-1.05,-8.42
-1.05,-8.43
-1.05,-8.44
-1.04,-8.45
-1.04,-8.45
-1.04,-8.46
-1.04,-8.47
-1.03,-8.47
-1.03,-8.48
-0.98,-8.58
-0.97,-8.69
-0.97,-8.69
-0.97,-8.70
-0.96,-8.71
-0.96,-8.72
-0.96,-8.73
-0.96,-8.73
-0.96,-8.74
-0.95,-8.75
-0.95,-8.75
-0.95,-8.76
-0.95,-8.77
-0.94,-8.78
-0.94,-8.78
-0.94,-8.79
-0.93,-8.80
-0.93,-8.80
-0.93,-8.81
-0.88,-8.88
-0.87,-8.94
-0.89,-9.05
-0.89,-9.06
-0.89,-9.07
-0.89,-9.07
-0.89,-9.08
-0.89,-9.09
-0.89,-9.25
-0.89,-9.26
-0.89,-9.27
-0.89,-9.27
-0.88,-9.42
-0.88,-9.42
-0.87,-9.58
-0.87,-9.71
-0.89,-9.85
-0.91,-10.00
-0.91,-10.01
-0.91,-10.02
-0.91,-10.02
-0.91,-10.03
-0.91,-10.04
-0.91,-10.18
-0.93,-10.31
-0.93,-10.32
-0.93,-10.33
-0.93,-10.33
-0.94,-10.48
-0.94,-10.49
-0.94,-10.50
-0.94,-10.62
-0.97,-10.75
-0.97,-10.75
-0.97,-10.76
-0.98,-10.77
-0.98,-10.78
-0.98,-10.78
-0.99,-10.91
-1.03,-11.00
-1.16,-11.29
-1.16,-11.30
-1.17,-11.31
-1.23,-11.46
-1.28,-11.59
-1.41,-11.85
-1.48,-11.94
-1.49,-11.95
-1.49,-11.96
-1.50,-11.96
-1.50,-11.97
-1.51,-11.97
-1.59,-12.10
-1.59,-12.11
-1.59,-12.12
-1.60,-12.13
-1.66,-12.25
-1.71,-12.34
-1.80,-12.42
-1.81,-12.42
-1.81,-12.43
-1.82,-12.44
-1.82,-12.44
-1.83,-12.45
-1.83,-12.45
-1.84,-12.46
-1.94,-12.59
-1.94,-12.59
-2.03,-12.71
-2.03,-12.72
-2.04,-12.72
-2.04,-12.73
-2.13,-12.87
-2.14,-12.87
-2.22,-13.00
-2.22,-13.01
-2.30,-13.15
-2.30,-13.16
-2.31,-13.17
-2.37,-13.29
-2.45,-13.40
-2.54,-13.54
-2.55,-13.54
-2.63,-13.67
-2.71,-13.77
-2.80,-13.88
-2.88,-13.96
-2.99,-14.03
-3.00,-14.04
-3.00,-14.04
-3.01,-14.05
-3.02,-14.05
-3.02,-14.06
-3.03,-14.06
-3.03,-14.07
-3.04,-14.07
-3.04,-14.08
-3.05,-14.09
-3.05,-14.09
-3.06,-14.10
-3.06,-14.10
-3.07,-14.11
-3.16,-14.24
-3.16,-14.25
-3.22,-14.34
-3.29,-14.40
-3.42,-14.48
-3.43,-14.49
-3.43,-14.49
-3.44,-14.50
-3.68,-14.70
-3.80,-14.79
-3.87,-14.84
-3.97,-14.87
-4.11,-14.90
-4.12,-14.90
-4.12,-14.90
-4.13,-14.90
-4.14,-14.90
-4.15,-14.91
-4.16,-14.91
-4.32,-14.97
-4.32,-14.97
-4.33,-14.97
-4.34,-14.98
-4.34,-14.98
-4.35,-14.98
-4.36,-14.99
-4.37,-14.99
-4.50,-15.07
-4.50,-15.08
-4.64,-15.17
-4.65,-15.17
-4.66,-15.18
-4.66,-15.18
-4.67,-15.19
-4.67,-15.19
-4.68,-15.20
-4.68,-15.20
-4.69,-15.21
-4.70,-15.21
-4.70,-15.22
-4.71,-15.22
-4.71,-15.23
-4.80,-15.33
-4.89,-15.42
-4.90,-15.42
-4.90,-15.43
-4.91,-15.43
-4.91,-15.44
-4.92,-15.45
-4.92,-15.45
-4.93,-15.46
-4.93,-15.46
-4.94,-15.47
-4.94,-15.48
-4.95,-15.48
-4.95,-15.49
-4.95,-15.50
-5.01,-15.59
-5.09,-15.69
-5.10,-15.69
-5.10,-15.70
-5.11,-15.70
-5.11,-15.71
-5.12,-15.72
-5.12,-15.72
-5.12,-15.73
-5.13,-15.74
-5.13,-15.74
-5.14,-15.75
-5.14,-15.76
-5.14,-15.76
-5.15,-15.77
-5.15,-15.78
-5.15,-15.79
-5.15,-15.80
-5.20,-15.93
-5.24,-16.01
-5.31,-16.09
-5.32,-16.09
-5.32,-16.10
-5.33,-16.11
-5.33,-16.11
-5.34,-16.12
-5.34,-16.12
-5.35,-16.13
-5.42,-16.25
-5.50,-16.37
-5.59,-16.47
-5.69,-16.57
-5.70,-16.57
-5.70,-16.58
-5.71,-16.59
-5.71,-16.59
-5.72,-16.60
-5.72,-16.60
-5.73,-16.61
-5.73,-16.62
-5.74,-16.62
-5.74,-16.63
-5.75,-16.63
-5.75,-16.64
-5.75,-16.65
-5.79,-16.72
-5.85,-16.77
-5.96,-16.83
-5.97,-16.83
-5.98,-16.83
-5.98,-16.84
-5.99,-16.84
-6.00,-16.85
-6.00,-16.85
-6.01,-16.86
-6.01,-16.86
-6.02,-16.87
-6.03,-16.87
-6.03,-16.88
-6.04,-16.88
-6.04,-16.89
-6.05,-16.89
-6.05,-16.90
-6.06,-16.91
-6.06,-16.91
-6.07,-16.92
-6.07,-16.92
-6.07,-16.93
-6.08,-16.94
-6.08,-16.94
-6.09,-16.95
-6.09,-16.96
-6.09,-16.96
-6.15,-17.10
-6.22,-17.20
-6.29,-17.30
-6.39,-17.42
-6.40,-17.42
-6.40,-17.43
-6.60,-17.69
-6.60,-17.69
-6.61,-17.70
-6.61,-17.71
-6.62,-17.71
-6.62,-17.72
-6.70,-17.86
-6.70,-17.87
-6.71,-17.88
-6.77,-17.99
-6.84,-18.09
-6.84,-18.10
-6.85,-18.10
-6.85,-18.11
-6.86,-18.12
-6.86,-18.12
-6.86,-18.13
-6.87,-18.14
-6.87,-18.14
-6.88,-18.15
-6.88,-18.16
-6.88,-18.16
-6.88,-18.17
-6.89,-18.18
-6.89,-18.19
-6.89,-18.19
-6.89,-18.20
-6.89,-18.21
-6.90,-18.22
-6.90,-18.22
-6.90,-18.23
-6.90,-18.24
-6.90,-18.25
-6.90,-18.26
-6.90,-18.26
-6.90,-18.27
-6.90,-18.28
-6.90,-18.29
-6.90,-18.29
-6.90,-18.30
-6.90,-18.31
-6.90,-18.32
-6.89,-18.32
-6.89,-18.33
-6.89,-18.34
-6.89,-18.35
-6.89,-18.35
-6.89,-18.36
-6.88,-18.37
-6.88,-18.38
-6.88,-18.38
-6.87,-18.39
-6.87,-18.40
-6.87,-18.41
-6.86,-18.41
-6.86,-18.42
-6.86,-18.43
-6.85,-18.43
-6.85,-18.44
-6.84,-18.44
-6.84,-18.45
-6.83,-18.46
-6.83,-18.46
-6.82,-18.47
-6.82,-18.47
-6.81,-18.48
-6.81,-18.49
-6.80,-18.49
-6.80,-18.50
-6.79,-18.50
-6.79,-18.51
-6.78,-18.51
-6.77,-18.52
-6.77,-18.52
-6.76,-18.52
-6.75,-18.53
-6.75,-18.53
-6.74,-18.54
-6.73,-18.54
-6.73,-18.54
-6.72,-18.55
-6.71,-18.55
-6.70,-18.55
-6.70,-18.55
-6.69,-18.56
-6.68,-18.56
-6.68,-18.56
-6.55,-18.59
-6.46,-18.63
-6.36,-18.71
-6.36,-18.71
-6.35,-18.72
-6.22,-18.81
-6.08,-18.90
-6.08,-18.91
-5.69,-19.17
-5.58,-19.26
-5.57,-19.26
-5.44,-19.36
-5.31,-19.46
-5.30,-19.46
-5.17,-19.56
-5.04,-19.66
-5.04,-19.66
-4.91,-19.76
-4.91,-19.76
-4.79,-19.85
-4.78,-19.86
-4.65,-19.95
-4.52,-20.04
-4.41,-20.13
-4.41,-20.14
-4.40,-20.14
-4.39,-20.15
-4.26,-20.24
-4.26,-20.24
-4.14,-20.32
-4.01,-20.42
-4.01,-20.42
-3.89,-20.51
-3.88,-20.52
-3.76,-20.60
-3.63,-20.70
-3.63,-20.70
-3.62,-20.71
-3.62,-20.71
-3.50,-20.78
-3.38,-20.88
-3.38,-20.88
-3.26,-20.97
-3.25,-20.97
-3.25,-20.98
-3.24,-20.98
-3.12,-21.06
-3.02,-21.15
-3.02,-21.16
-3.01,-21.16
-2.89,-21.26
-2.88,-21.27
-2.87,-21.28
-2.75,-21.36
-2.64,-21.45
-2.63,-21.46
-2.62,-21.47
-2.50,-21.55
-2.39,-21.64
-2.39,-21.65
-2.38,-21.65
-2.26,-21.74
-2.14,-21.84
-2.14,-21.84
-2.02,-21.94
-2.01,-21.95
-1.88,-22.05
-1.88,-22.05
-1.87,-22.06
-1.76,-22.14
-1.65,-22.23
-1.65,-22.24
-1.64,-22.24
-1.63,-22.25
-1.63,-22.25
-1.62,-22.26
-1.38,-22.43
-1.28,-22.51
-1.28,-22.52
-1.27,-22.52
-1.26,-22.53
-1.26,-22.53
-1.25,-22.54
-1.14,-22.61
-1.04,-22.70
-1.04,-22.71
-1.03,-22.71
-1.02,-22.72
-1.02,-22.72
-1.01,-22.73
-0.89,-22.81
-0.78,-22.90
-0.66,-23.00
-0.66,-23.01
-0.65,-23.01
-0.53,-23.10
-0.30,-23.30
-0.18,-23.40
-0.18,-23.41
-0.17,-23.41
-0.16,-23.42
-0.04,-23.51
0.08,-23.61
0.19,-23.70
0.29,-23.80
0.29,-23.81
0.30,-23.81
0.42,-23.92
0.42,-23.93
0.43,-23.93
0.54,-24.03
0.66,-24.14
0.77,-24.24
0.77,-24.25
0.78,-24.25
0.78,-24.26
0.79,-24.26
0.80,-24.27
0.90,-24.35
1.00,-24.44
1.00,-24.45
1.01,-24.45
1.01,-24.46
1.02,-24.46
1.03,-24.47
1.13,-24.55
1.23,-24.64
1.23,-24.65
1.24,-24.65
1.35,-24.76
1.45,-24.86
1.56,-24.97
1.56,-24.98
1.57,-24.98
1.68,-25.09
1.68,-25.10
1.69,-25.10
1.79,-25.20
1.90,-25.30
1.90,-25.31
1.91,-25.31
2.02,-25.42
2.13,-25.52
2.13,-25.53
2.14,-25.53
2.14,-25.54
2.15,-25.54
2.16,-25.55
2.16,-25.55
2.17,-25.56
2.18,-25.56
2.18,-25.57
2.19,-25.57
2.20,-25.57
2.20,-25.58
2.21,-25.58
2.22,-25.58
2.22,-25.59
2.23,-25.59
2.24,-25.59
2.25,-25.59
2.25,-25.60
2.26,-25.60
2.27,-25.60
2.28,-25.60
2.28,-25.60
2.29,-25.61
2.30,-25.61
2.31,-25.61
2.31,-25.61
2.32,-25.61
2.33,-25.61
2.34,-25.61
2.34,-25.61
2.35,-25.61
2.36,-25.61
2.37,-25.61
2.38,-25.61
2.38,-25.61
2.39,-25.61
2.40,-25.60
2.41,-25.60
2.41,-25.60
2.42,-25.60
2.43,-25.60
2.44,-25.59
2.44,-25.59
2.45,-25.59
2.46,-25.59
2.46,-25.58
2.47,-25.58
2.48,-25.58
2.49,-25.57
2.49,-25.57
2.50,-25.56
2.51,-25.56
2.51,-25.56
2.52,-25.55
2.52,-25.55
2.53,-25.54
2.54,-25.54
2.54,-25.53
2.55,-25.53
2.55,-25.52
2.56,-25.52
2.56,-25.51
2.57,-25.50
2.57,-25.50
2.58,-25.49
2.58,-25.49
2.59,-25.48
2.59,-25.47
2.60,-25.47
2.64,-25.40
2.72,-25.34
2.73,-25.34
2.73,-25.33
2.74,-25.33
2.75,-25.32
2.75,-25.32
2.76,-25.31
2.76,-25.31
2.77,-25.30
2.99,-25.08
3.00,-25.08
3.00,-25.07
3.01,-25.07
3.01,-25.06
3.02,-25.05
3.02,-25.05
3.03,-25.04
3.03,-25.03
3.04,-25.03
3.04,-25.02
3.04,-25.01
3.05,-25.01
3.05,-25.00
3.05,-24.99
3.06,-24.99
3.06,-24.98
3.06,-24.97
3.06,-24.96
3.07,-24.96
3.07,-24.95
3.07,-24.94
3.07,-24.93
3.07,-24.93
3.08,-24.92
3.08,-24.91
3.08,-24.90
3.08,-24.90
3.08,-24.89
3.08,-24.88
3.08,-24.87
3.08,-24.74
3.09,-24.68
3.12,-24.63
3.18,-24.58
3.27,-24.53
3.28,-24.52
3.29,-24.52
3.29,-24.52
3.30,-24.51
3.31,-24.51
3.31,-24.50
3.32,-24.50
3.44,-24.41
3.45,-24.41
3.45,-24.40
3.46,-24.40
3.46,-24.39
3.47,-24.38
3.47,-24.38
3.48,-24.37
3.49,-24.37
3.49,-24.36
3.50,-24.36
3.50,-24.35
3.50,-24.34
3.51,-24.34
3.51,-24.33
3.52,-24.32
3.52,-24.32
3.52,-24.31
3.53,-24.30
3.53,-24.30
3.54,-24.29
3.54,-24.28
3.54,-24.28
3.54,-24.27
3.55,-24.26
3.55,-24.25
3.55,-24.24
3.58,-24.12
3.63,-24.03
3.71,-23.93
3.71,-23.92
3.72,-23.92
3.72,-23.91
3.73,-23.90
3.73,-23.90
3.73,-23.89
3.74,-23.88
3.81,-23.74
3.81,-23.74
3.81,-23.73
3.82,-23.72
3.82,-23.72
3.82,-23.71
3.82,-23.70
3.87,-23.55
3.92,-23.40
4.02,-23.11
4.08,-22.97
4.08,-22.96
4.08,-22.95
4.13,-22.82
4.19,-22.69
4.19,-22.68
4.24,-22.54
4.31,-22.41
4.31,-22.41
4.38,-22.26
4.45,-22.12
4.45,-22.12
4.46,-22.11
4.52,-21.97
4.52,-21.96
4.57,-21.82
4.64,-21.69
4.64,-21.69
4.65,-21.68
4.71,-21.54
4.71,-21.54
4.76,-21.41
4.83,-21.29
4.90,-21.17
4.99,-21.04
5.08,-20.91
5.08,-20.90
5.09,-20.90
5.16,-20.78
5.24,-20.67
5.24,-20.66
5.25,-20.66
5.25,-20.65
5.26,-20.64
5.34,-20.51
5.42,-20.40
5.43,-20.39
5.50,-20.29
5.59,-20.20
5.60,-20.20
5.69,-20.11
5.79,-20.04
5.91,-19.98
5.92,-19.97
5.93,-19.97
5.93,-19.97
5.94,-19.96
5.95,-19.96
6.07,-19.87
6.18,-19.81
6.19,-19.81
6.19,-19.80
6.31,-19.73
6.43,-19.68
6.44,-19.68
6.45,-19.67
6.45,-19.67
6.57,-19.61
6.70,-19.57
6.81,-19.55
6.94,-19.53
7.10,-19.52
7.10,-19.52
7.23,-19.51
7.33,-19.52
7.47,-19.56
7.59,-19.60
7.71,-19.66
7.71,-19.66
7.72,-19.66
7.73,-19.67
7.73,-19.67
7.74,-19.67
7.75,-19.68
7.76,-19.68
7.76,-19.68
7.77,-19.68
7.78,-19.68
7.93,-19.71
7.94,-19.72
7.95,-19.72
7.95,-19.72
7.96,-19.72
7.97,-19.72
7.98,-19.72
7.99,-19.72
7.99,-19.72
8.00,-19.72
8.01,-19.72
8.02,-19.72
8.02,-19.72
8.03,-19.72
8.17,-19.70
8.29,-19.69
8.39,-19.70
8.49,-19.74
8.59,-19.78
8.69,-19.85
8.81,-19.94
8.93,-20.04
8.93,-20.05
8.94,-20.05
8.95,-20.05
8.95,-20.06
8.96,-20.06
8.97,-20.07
8.97,-20.07
8.98,-20.07
8.99,-20.08
8.99,-20.08
9.00,-20.08
9.01,-20.09
9.01,-20.09
9.02,-20.09
9.03,-20.10
9.04,-20.10
9.04,-20.10
9.05,-20.10
9.06,-20.10
9.07,-20.11
9.07,-20.11
9.08,-20.11
9.09,-20.11
9.10,-20.11
9.11,-20.11
9.11,-20.11
9.12,-20.11
9.13,-20.11
9.14,-20.11
9.14,-20.11
9.15,-20.11
9.16,-20.11
9.17,-20.11
9.17,-20.10
9.18,-20.10
9.19,-20.10
9.20,-20.10
9.20,-20.10
9.21,-20.10
9.22,-20.09
9.23,-20.09
9.23,-20.09
9.24,-20.08
9.25,-20.08
9.26,-20.08
9.26,-20.07
9.27,-20.07
9.28,-20.07
9.28,-20.06
9.29,-20.06
9.29,-20.05
9.30,-20.05
9.31,-20.04
9.31,-20.04
9.32,-20.03
9.32,-20.03
9.33,-20.02
9.34,-20.02
9.34,-20.01
9.35,-20.01
9.35,-20.00
9.36,-20.00
9.36,-19.99
9.37,-19.98
9.37,-19.98
9.37,-19.97
9.38,-19.96
9.38,-19.96
9.39,-19.95
9.39,-19.94
9.39,-19.94
9.40,-19.93
9.40,-19.92
9.40,-19.91
9.40,-19.91
9.41,-19.90
9.41,-19.89
9.41,-19.88
9.41,-19.88
9.41,-19.87
9.43,-19.81
9.47,-19.77
9.48,-19.77
9.48,-19.76
9.49,-19.75
9.49,-19.75
9.50,-19.74
9.50,-19.74
9.51,-19.73
9.51,-19.72
9.52,-19.72
9.52,-19.71
9.53,-19.71
9.53,-19.70
9.61,-19.57
9.68,-19.46
9.69,-19.45
9.85,-19.19
9.85,-19.18
9.92,-19.05
10.00,-18.93
10.08,-18.83
10.19,-18.70
10.19,-18.70
10.29,-18.58
10.30,-18.58
10.30,-18.57
10.39,-18.45
10.48,-18.35
10.49,-18.35
10.49,-18.34
10.50,-18.33
10.50,-18.33
10.51,-18.32
10.60,-18.19
10.60,-18.18
10.61,-18.18
10.61,-18.17
10.61,-18.16
10.62,-18.16
10.62,-18.15
10.62,-18.14
10.63,-18.14
10.63,-18.13
10.63,-18.12
10.63,-18.11
10.64,-18.11
10.64,-18.10
10.64,-18.09
10.64,-18.08
10.64,-18.08
10.65,-18.07
10.65,-18.06
10.65,-18.05
10.65,-18.05
10.65,-18.04
10.65,-18.03
10.65,-18.02
10.65,-18.02
10.65,-18.01
10.65,-18.00
10.65,-17.99
10.65,-17.98
10.63,-17.88
10.66,-17.78
10.70,-17.66
10.71,-17.66
10.71,-17.66
10.72,-17.65
10.73,-17.65
10.73,-17.65
10.74,-17.64
10.75,-17.64
10.76,-17.64
10.89,-17.56
10.90,-17.56
10.91,-17.56
10.91,-17.55
10.92,-17.55
10.93,-17.54
10.93,-17.54
10.94,-17.53
10.94,-17.53
10.95,-17.52
10.95,-17.52
10.96,-17.51
11.07,-17.40
11.08,-17.40
11.08,-17.39
11.09,-17.39
11.09,-17.38
11.10,-17.37
11.10,-17.37
11.11,-17.36
11.11,-17.35
11.20,-17.21
11.21,-17.21
11.21,-17.20
11.29,-17.06
11.29,-17.05
11.35,-16.94
11.43,-16.86
11.44,-16.86
11.44,-16.85
11.45,-16.85
11.45,-16.84
11.46,-16.83
11.54,-16.72
11.65,-16.59
11.65,-16.59
11.66,-16.58
11.66,-16.58
11.67,-16.57
11.67,-16.56
11.68,-16.56
11.68,-16.55
11.76,-16.41
11.76,-16.40
11.77,-16.40
11.77,-16.39
11.77,-16.38
11.78,-16.37
11.84,-16.22
11.84,-16.21
11.89,-16.09
11.95,-15.97
12.01,-15.85
12.09,-15.73
12.18,-15.60
12.27,-15.46
12.28,-15.46
12.28,-15.45
12.29,-15.44
12.29,-15.44
12.37,-15.30
12.37,-15.30
12.45,-15.17
12.53,-15.04
12.70,-14.79
12.80,-14.67
12.80,-14.67
12.81,-14.66
12.81,-14.66
12.82,-14.65
12.82,-14.64
12.83,-14.64
12.91,-14.51
12.91,-14.50
12.99,-14.37
13.07,-14.26
13.08,-14.25
13.16,-14.14
13.25,-14.04
13.35,-13.93
13.36,-13.93
13.36,-13.92
13.37,-13.92
13.37,-13.91
13.38,-13.90
13.38,-13.89
13.48,-13.76
13.56,-13.65
13.66,-13.54
13.74,-13.45
13.84,-13.36
13.85,-13.36
13.85,-13.35
13.86,-13.34
13.86,-13.34
13.87,-13.33
13.98,-13.21
13.99,-13.21
13.99,-13.20
14.00,-13.19
14.00,-13.19
14.01,-13.18
14.10,-13.05
14.10,-13.04
14.11,-13.04
14.11,-13.03
14.19,-12.89
14.25,-12.79
14.35,-12.67
14.35,-12.67
14.36,-12.66
14.43,-12.56
14.53,-12.47
14.54,-12.47
14.54,-12.46
14.55,-12.45
14.55,-12.45
14.56,-12.44
14.56,-12.44
14.57,-12.43
14.57,-12.42
14.58,-12.42
14.58,-12.41
14.59,-12.41
14.59,-12.40
14.59,-12.39
14.60,-12.38
14.66,-12.26
14.74,-12.15
14.83,-12.04
14.84,-12.04
14.84,-12.03
14.85,-12.02
14.85,-12.02
14.86,-12.01
14.95,-11.88
14.95,-11.87
15.03,-11.75
15.13,-11.63
15.13,-11.63
15.14,-11.62
15.14,-11.62
15.15,-11.61
15.15,-11.60
15.16,-11.60
15.16,-11.59
15.16,-11.58
15.17,-11.58
15.17,-11.57
15.17,-11.56
15.18,-11.55
15.18,-11.55
15.18,-11.54
15.19,-11.53
15.19,-11.53
15.19,-11.52
15.19,-11.51
15.19,-11.50
15.19,-11.50
15.20,-11.49
15.20,-11.48
15.20,-11.47
15.20,-11.46
15.20,-11.46
15.20,-11.45
15.20,-11.44
15.20,-11.43
15.20,-11.43
15.20,-11.42
15.20,-11.41
15.20,-11.40
15.19,-11.30
15.20,-11.23
15.25,-11.13
15.30,-11.06
15.39,-10.99
15.50,-10.89
15.51,-10.89
15.51,-10.88
15.52,-10.87
15.52,-10.87
15.53,-10.86
15.63,-10.75
15.74,-10.65
15.75,-10.65
15.75,-10.64
15.76,-10.63
15.86,-10.52
15.96,-10.45
15.97,-10.45
15.97,-10.44
16.10,-10.33
16.21,-10.25
16.22,-10.25
16.22,-10.24
16.23,-10.24
16.23,-10.23
16.24,-10.22
16.24,-10.22
16.25,-10.21
16.26,-10.21
16.26,-10.20
16.27,-10.20
16.27,-10.19
16.36,-10.07
16.45,-9.99
16.46,-9.99
16.46,-9.98
16.47,-9.97
16.47,-9.97
16.48,-9.96
16.58,-9.85
16.69,-9.73
16.70,-9.73
16.70,-9.72
16.80,-9.60
16.81,-9.59
16.81,-9.58
16.82,-9.58
16.82,-9.57
16.83,-9.56
16.83,-9.56
16.83,-9.55
16.84,-9.54
16.84,-9.54
16.85,-9.53
16.90,-9.40
16.97,-9.26
16.97,-9.26
17.03,-9.14
17.11,-9.03
17.11,-9.03
17.20,-8.90
17.20,-8.89
17.21,-8.89
17.21,-8.88
17.21,-8.87
17.22,-8.87
17.22,-8.86
17.22,-8.85
17.23,-8.85
17.23,-8.84
17.23,-8.83
17.23,-8.82
17.24,-8.82
17.24,-8.81
17.24,-8.80
17.27,-8.68
17.33,-8.58
17.33,-8.57
17.34,-8.57
17.34,-8.56
17.35,-8.55
17.40,-8.42
17.46,-8.31
17.55,-8.19
17.55,-8.18
17.56,-8.18
17.56,-8.17
17.56,-8.16
17.57,-8.16
17.57,-8.15
17.57,-8.14
17.63,-8.01
17.70,-7.87
17.70,-7.87
17.70,-7.86
17.71,-7.85
17.75,-7.75
17.82,-7.66
17.83,-7.65
17.83,-7.64
17.84,-7.64
17.84,-7.63
17.85,-7.62
17.85,-7.62
17.92,-7.50
18.01,-7.38
18.01,-7.38
18.02,-7.37
18.02,-7.37
18.10,-7.25
18.10,-7.24
18.11,-7.23
18.11,-7.23
18.12,-7.22
18.12,-7.21
18.12,-7.21
18.18,-7.08
18.26,-6.97
18.26,-6.96
18.34,-6.84
18.43,-6.73
18.44,-6.72
18.44,-6.71
18.45,-6.71
18.45,-6.70
18.46,-6.70
18.53,-6.57
18.62,-6.44
18.70,-6.33
18.71,-6.32
18.80,-6.19
18.89,-6.05
18.90,-6.05
18.90,-6.04
18.91,-6.03
18.91,-6.03
18.91,-6.02
18.92,-6.01
18.92,-6.01
18.93,-6.00
18.97,-5.88
19.04,-5.79
19.04,-5.78
19.05,-5.77
19.05,-5.77
19.06,-5.76
19.06,-5.75
19.20,-5.48
19.25,-5.37
19.34,-5.26
19.34,-5.26
19.35,-5.25
19.35,-5.24
19.36,-5.24
19.36,-5.23
19.36,-5.22
19.37,-5.22
19.37,-5.21
19.37,-5.20
19.38,-5.20
19.43,-5.06
19.50,-4.92
19.57,-4.80
19.58,-4.80
19.58,-4.79
19.66,-4.65
19.66,-4.64
19.67,-4.63
19.73,-4.51
19.81,-4.38
19.90,-4.25
19.98,-4.14
19.98,-4.13
19.99,-4.13
19.99,-4.12
20.00,-4.11
20.00,-4.11
20.00,-4.10
20.01,-4.09
20.01,-4.09
20.01,-4.08
20.02,-4.07
20.02,-4.07
20.02,-4.06
20.03,-4.05
20.03,-4.04
20.03,-4.04
20.03,-4.03
20.03,-4.02
20.04,-4.01
20.04,-4.01
20.04,-4.00
20.04,-3.99
20.04,-3.98
20.04,-3.97
20.04,-3.97
20.04,-3.96
20.04,-3.95
20.04,-3.94
20.04,-3.94
20.04,-3.93
20.04,-3.92
20.04,-3.91
20.03,-3.91
20.03,-3.90
20.03,-3.89
20.03,-3.88
20.03,-3.88
20.03,-3.87
20.02,-3.86
20.02,-3.85
20.02,-3.85
20.01,-3.84
20.01,-3.83
20.01,-3.83
20.00,-3.82
20.00,-3.81
20.00,-3.80
19.99,-3.80
19.99,-3.79
19.98,-3.79
19.98,-3.78
19.97,-3.77
19.97,-3.77
19.96,-3.76
19.96,-3.76
19.95,-3.75
19.95,-3.74
19.94,-3.74
19.94,-3.73
19.93,-3.73
19.93,-3.72
19.92,-3.72
19.91,-3.71
19.91,-3.71
19.90,-3.71
19.89,-3.70
19.89,-3.70
19.88,-3.69
19.87,-3.69
19.87,-3.69
19.86,-3.68
19.85,-3.68
19.84,-3.68
19.84,-3.68
19.83,-3.67
19.82,-3.67
19.81,-3.67
19.81,-3.67
19.80,-3.67
19.71,-3.65
19.63,-3.59
19.62,-3.59
19.62,-3.58
19.61,-3.58
19.60,-3.58
19.60,-3.57
19.59,-3.57
19.58,-3.57
19.58,-3.56
19.57,-3.56
19.56,-3.56
19.55,-3.56
19.55,-3.55
19.54,-3.55
19.53,-3.55
19.52,-3.55
19.52,-3.55
19.51,-3.54
19.50,-3.54
19.49,-3.54
19.49,-3.54
19.48,-3.54
19.47,-3.54
19.46,-3.54
19.46,-3.54
19.45,-3.54
19.44,-3.54
19.43,-3.54
19.42,-3.54
19.42,-3.54
19.41,-3.54
19.40,-3.55
19.39,-3.55
19.39,-3.55
19.29,-3.50
19.29,-3.50
19.28,-3.50
19.27,-3.49
19.27,-3.49
19.26,-3.49
19.25,-3.48
19.11,-3.44
18.99,-3.38
18.99,-3.38
18.86,-3.32
18.85,-3.31
18.84,-3.31
18.84,-3.31
18.69,-3.25
18.55,-3.19
18.43,-3.13
18.43,-3.12
18.42,-3.12
18.41,-3.12
18.40,-3.11
18.27,-3.06
18.15,-2.99
18.14,-2.99
18.14,-2.98
18.13,-2.98
18.12,-2.98
18.11,-2.97
18.11,-2.97
18.10,-2.97
17.97,-2.92
17.84,-2.86
17.83,-2.85
17.82,-2.85
17.67,-2.79
17.53,-2.74
17.38,-2.66
17.38,-2.66
17.37,-2.66
17.36,-2.65
17.36,-2.65
17.35,-2.65
17.23,-2.60
17.10,-2.54
17.10,-2.54
17.09,-2.54
17.08,-2.53
16.94,-2.48
16.81,-2.41
16.81,-2.41
16.80,-2.41
16.79,-2.40
16.64,-2.34
16.51,-2.29
16.41,-2.24
16.41,-2.18
16.41,-2.17
16.41,-2.17
16.41,-2.16
16.40,-2.15
16.40,-2.14
16.40,-2.14
16.40,-2.13
16.40,-2.12
16.39,-2.11
16.39,-2.11
16.39,-2.10
16.39,-2.09
16.38,-2.08
16.38,-2.08
16.38,-2.07
16.37,-2.06
16.37,-2.06
16.36,-2.05
16.36,-2.04
16.36,-2.04
16.35,-2.03
16.35,-2.03
16.34,-2.02
16.34,-2.01
16.33,-2.01
16.33,-2.00
16.32,-2.00
16.32,-1.99
16.31,-1.99
16.30,-1.98
16.30,-1.98
16.29,-1.97
16.29,-1.97
16.28,-1.96
16.27,-1.95
16.26,-1.95
16.25,-1.95
16.25,-1.94
16.24,-1.94
16.23,-1.94
16.22,-1.93
16.22,-1.93
16.21,-1.93
16.20,-1.92
16.20,-1.92
16.19,-1.92
16.18,-1.92
16.17,-1.92
16.17,-1.92
16.16,-1.91
16.15,-1.91
16.14,-1.91
16.13,-1.91
16.13,-1.91
16.12,-1.91
16.11,-1.91
16.00,-1.91
15.91,-1.88
15.90,-1.88
15.90,-1.87
15.89,-1.87
15.88,-1.87
15.87,-1.87
15.87,-1.87
15.86,-1.86
15.85,-1.86
15.69,-1.84
15.55,-1.82
15.55,-1.82
15.54,-1.82
15.53,-1.82
15.52,-1.82
15.51,-1.82
15.51,-1.82
15.50,-1.82
15.49,-1.82
15.48,-1.82
15.48,-1.82
15.47,-1.82
15.46,-1.82
15.45,-1.83
15.44,-1.83
15.44,-1.83
15.43,-1.83
15.42,-1.83
15.41,-1.84
15.41,-1.84
15.40,-1.84
15.25,-1.90
15.24,-1.90
15.23,-1.91
15.23,-1.91
15.22,-1.91
15.21,-1.92
15.21,-1.92
15.20,-1.93
15.19,-1.93
15.19,-1.93
15.18,-1.94
15.17,-1.94
15.17,-1.95
15.16,-1.95
15.16,-1.96
15.15,-1.96
15.15,-1.97
15.14,-1.98
15.14,-1.98
15.13,-1.99
15.04,-2.09
14.94,-2.17
14.93,-2.18
14.93,-2.18
14.92,-2.19
14.91,-2.19
14.81,-2.30
14.70,-2.39
14.70,-2.39
14.58,-2.49
14.46,-2.59
14.45,-2.59
14.45,-2.60
14.38,-2.66
14.30,-2.70
14.22,-2.72
14.11,-2.71
14.10,-2.71
14.09,-2.71
13.96,-2.71
13.83,-2.69
13.82,-2.68
13.81,-2.68
13.80,-2.68
13.79,-2.68
13.79,-2.68
13.78,-2.68
13.77,-2.68
13.47,-2.68
13.34,-2.67
13.25,-2.65
13.18,-2.61
13.10,-2.54
12.93,-2.30
12.86,-2.19
12.80,-2.08
12.76,-1.95
12.75,-1.94
12.75,-1.93
12.71,-1.83
12.71,-1.72
12.71,-1.71
12.71,-1.70
12.70,-1.55
12.69,-1.40
12.70,-1.27
12.72,-1.13
12.72,-1.12
12.72,-1.11
12.72,-1.11
12.72,-1.10
12.72,-1.09
12.72,-1.08
12.72,-1.08
12.72,-1.07
12.71,-0.91
12.71,-0.90
12.71,-0.90
12.71,-0.89
12.71,-0.88
12.70,-0.87
12.70,-0.87
12.70,-0.86
12.70,-0.85
12.70,-0.84
12.69,-0.84
12.69,-0.83
12.69,-0.82
12.69,-0.81
12.68,-0.81
12.68,-0.80
12.68,-0.79
12.67,-0.79
12.67,-0.78
12.67,-0.77
12.66,-0.77
12.66,-0.76
12.57,-0.63
12.56,-0.62
12.56,-0.62
12.55,-0.61
12.55,-0.60
12.54,-0.60
12.54,-0.59
12.53,-0.59
12.53,-0.58
12.52,-0.58
12.51,-0.57
12.51,-0.57
12.50,-0.56
12.50,-0.56
12.49,-0.55
12.48,-0.55
12.48,-0.54
12.47,-0.54
12.46,-0.54
12.45,-0.53
12.31,-0.46
12.31,-0.46
12.16,-0.39
12.15,-0.38
12.14,-0.38
12.00,-0.33
11.87,-0.26
11.87,-0.26
11.86,-0.26
11.85,-0.25
11.85,-0.25
11.84,-0.25
11.70,-0.20
11.69,-0.20
11.58,-0.16
11.48,-0.09
11.47,-0.09
11.46,-0.09
11.45,-0.08
11.18,0.06
11.06,0.12
10.94,0.20
10.93,0.20
10.79,0.28
10.78,0.28
10.78,0.29
10.77,0.29
10.76,0.29
10.75,0.30
10.75,0.30
10.74,0.30
10.73,0.31
10.72,0.31
10.72,0.31
10.71,0.31
10.70,0.31
10.69,0.31
10.69,0.32
10.68,0.32
10.67,0.32
10.66,0.32
10.66,0.32
10.65,0.32
10.64,0.32
10.63,0.32
10.63,0.32
10.62,0.32
10.61,0.32
10.60,0.32
10.59,0.32
10.59,0.32
10.58,0.31
10.51,0.30
10.49,0.31
10.44,0.35
10.37,0.44
10.36,0.45
10.36,0.45
10.35,0.46
10.35,0.47
10.34,0.47
10.34,0.48
10.33,0.48
10.33,0.49
10.32,0.49
10.31,0.50
10.31,0.50
10.30,0.51
10.29,0.51
10.29,0.52
10.28,0.52
10.27,0.52
10.27,0.53
10.26,0.53
10.25,0.53
10.25,0.54
10.24,0.54
10.23,0.54
10.22,0.54
10.22,0.55
10.21,0.55
10.20,0.55
10.19,0.55
10.19,0.55
10.18,0.56
10.17,0.56
10.06,0.57
9.96,0.62
9.95,0.62
9.82,0.67
9.72,0.74
9.71,0.74
9.57,0.82
9.56,0.82
9.56,0.83
9.55,0.83
9.54,0.83
9.53,0.84
9.53,0.84
9.52,0.84
9.51,0.85
9.50,0.85
9.50,0.85
9.49,0.85
9.48,0.85
9.47,0.86
9.47,0.86
9.46,0.86
9.45,0.86
9.44,0.86
9.44,0.86
9.32,0.87
9.27,0.88
9.21,0.94
9.21,0.95
9.20,0.95
9.20,0.96
9.19,0.96
9.18,0.97
9.18,0.97
9.17,0.98
9.16,0.98
9.16,0.99
9.15,0.99
9.01,1.07
8.89,1.15
8.88,1.15
8.87,1.15
8.87,1.16
8.86,1.16
8.85,1.16
8.72,1.22
8.61,1.30
8.60,1.30
8.60,1.31
8.59,1.31
8.58,1.31
8.57,1.32
8.41,1.40
8.41,1.40
8.40,1.40
8.39,1.41
8.39,1.41
8.38,1.41
8.37,1.41
8.27,1.45
8.17,1.52
8.16,1.52
8.16,1.53
8.15,1.53
8.14,1.53
8.14,1.54
8.13,1.54
8.01,1.60
7.88,1.68
7.88,1.69
7.87,1.69
7.73,1.77
7.72,1.77
7.72,1.78
7.71,1.78
7.56,1.85
7.55,1.86
7.54,1.86
7.54,1.86
7.53,1.86
7.40,1.91
7.27,1.97
7.15,2.03
7.15,2.04
7.14,2.04
7.13,2.04
7.12,2.05
7.12,2.05
7.00,2.09
6.92,2.16
6.91,2.17
6.90,2.17
6.90,2.18
6.89,2.18
6.88,2.19
6.88,2.19
6.87,2.19
6.86,2.20
6.86,2.20
6.85,2.21
6.84,2.21
6.84,2.21
6.83,2.21
6.82,2.22
6.81,2.22
6.80,2.22
6.67,2.25
6.55,2.31
6.54,2.32
6.53,2.32
6.53,2.32
6.52,2.32
6.51,2.33
6.50,2.33
6.50,2.33
6.42,2.35
6.37,2.39
6.28,2.49
6.28,2.50
6.27,2.50
6.27,2.51
6.26,2.51
6.25,2.52
6.25,2.52
6.24,2.53
6.24,2.53
6.23,2.54
6.22,2.54
6.22,2.55
6.21,2.55
6.20,2.55
6.20,2.56
6.19,2.56
6.18,2.56
6.18,2.57
6.05,2.62
5.90,2.69
5.89,2.70
5.77,2.75
5.67,2.81
5.55,2.90
5.55,2.90
5.54,2.91
5.53,2.91
5.53,2.92
5.52,2.92
5.51,2.92
5.51,2.93
5.50,2.93
5.49,2.93
5.49,2.94
5.48,2.94
5.47,2.94
5.46,2.94
5.46,2.95
5.45,2.95
5.28,2.99
5.27,2.99
5.14,3.02
5.01,3.06
4.75,3.17
4.74,3.17
4.61,3.22
4.49,3.29
4.48,3.29
4.47,3.30
4.33,3.37
4.33,3.37
4.18,3.44
4.08,3.49
3.97,3.58
3.97,3.58
3.96,3.59
3.96,3.59
3.95,3.60
3.94,3.60
3.94,3.61
3.93,3.61
3.92,3.61
3.92,3.62
3.91,3.62
3.90,3.62
3.90,3.63
3.76,3.69
3.75,3.69
3.74,3.69
3.74,3.69
3.73,3.70
3.72,3.70
3.71,3.70
3.71,3.70
3.70,3.70
3.69,3.71
3.68,3.71
3.68,3.71
3.67,3.71
3.66,3.71
3.65,3.71
3.65,3.71
3.64,3.71
3.63,3.71
3.62,3.71
3.61,3.71
3.61,3.71
3.60,3.71
3.59,3.71
3.58,3.70
3.58,3.70
3.57,3.70
3.56,3.70
3.55,3.70
3.55,3.69
3.54,3.69
3.53,3.69
3.52,3.69
3.52,3.68
3.51,3.68
3.50,3.68
3.49,3.67
3.48,3.67
3.48,3.66
3.47,3.66
3.46,3.65
3.46,3.65
3.45,3.64
3.45,3.64
3.44,3.63
3.43,3.63
3.43,3.62
3.42,3.62
3.42,3.61
3.41,3.61
3.41,3.60
3.40,3.59
3.40,3.59
3.39,3.58
3.39,3.57
3.39,3.57
3.38,3.56
3.38,3.55
3.37,3.55
3.37,3.54
3.37,3.53
3.36,3.53
3.36,3.52
3.36,3.51
3.36,3.51
3.35,3.50
3.35,3.49
3.35,3.48
3.35,3.48
3.35,3.47
3.34,3.46
3.34,3.45
3.33,3.37
3.30,3.33
3.21,3.24
3.20,3.24
3.20,3.23
3.19,3.22
3.19,3.22
3.18,3.21
3.18,3.21
3.17,3.20
3.01,2.99
2.92,2.89
2.91,2.89
2.91,2.88
2.90,2.87
2.90,2.87
2.89,2.86
2.89,2.86
2.89,2.85
2.88,2.84
2.88,2.84
2.87,2.83
2.87,2.82
2.87,2.81
2.86,2.81
2.86,2.80
2.86,2.79
2.86,2.79
2.85,2.78
2.85,2.77
2.85,2.76
2.85,2.76
2.85,2.75
2.84,2.74
2.84,2.73
2.84,2.73
2.84,2.72
2.84,2.71
2.84,2.70
2.84,2.69
2.84,2.69
2.84,2.68
2.84,2.67
2.84,2.66
2.84,2.66
2.84,2.65
2.84,2.64
2.85,2.63
2.85,2.63
2.85,2.62
2.85,2.61
2.85,2.60
2.86,2.60
2.86,2.59
2.86,2.58
2.86,2.57
2.87,2.57
2.87,2.56
2.87,2.55
2.88,2.55
2.88,2.54
2.88,2.53
2.89,2.53
2.89,2.52
2.90,2.51
2.90,2.51
2.91,2.50
2.91,2.49
2.92,2.49
2.92,2.48
2.93,2.48
2.93,2.47
2.94,2.47
2.94,2.46
2.95,2.46
2.96,2.45
2.96,2.45
2.97,2.44
2.98,2.44
2.98,2.43
2.99,2.43
3.00,2.43
3.00,2.42
3.01,2.42
3.02,2.42
3.02,2.41
3.03,2.41
3.04,2.41
3.05,2.41
3.05,2.40
3.06,2.40
3.07,2.40
3.08,2.40
3.08,2.40
3.09,2.39
3.10,2.39
3.11,2.39
3.11,2.39
3.12,2.39
3.12,2.38
3.12,2.37
3.13,2.37
3.13,2.36
3.14,2.36
3.24,2.25
3.24,2.24
3.25,2.24
3.25,2.23
3.26,2.23
3.27,2.22
3.39,2.12
3.39,2.11
3.40,2.11
3.53,2.01
3.53,2.01
3.54,2.00
3.55,2.00
3.55,1.99
3.56,1.99
3.57,1.99
3.57,1.98
3.58,1.98
3.59,1.98
3.59,1.97
3.60,1.97
3.74,1.91
3.86,1.86
3.97,1.78
3.98,1.78
3.98,1.77
3.99,1.77
4.00,1.77
4.00,1.76
4.01,1.76
4.02,1.76
4.02,1.75
4.03,1.75
4.04,1.75
4.05,1.75
4.16,1.71
4.26,1.64
4.27,1.64
4.28,1.64
4.43,1.56
4.56,1.49
